<?xml version="1.0" encoding="UTF-8"?>
<!DOCTYPE mapper
PUBLIC "-//mybatis.org//DTD mapper 3.0//EN"
"http://mybatis.org/dtd/mybatis-3-mapper.dtd">

<mapper namespace="campsite">

<!-- 조회(상세조회) -->
<select id="view" resultType="com.example.project.vo.CampsiteVO">
	select * from camping where c_contentId=#{c_contentId}
</select>

<select id="listAll" resultType="com.example.project.vo.CampsiteVO">
	select c_contentId, c_facltNm from camping
	WHERE 1=1 <include refid="search" />
	ORDER BY c_facltNm asc
	LIMIT #{limitStart}, #{listCount}
</select>

<!-- 검색 조건 sql -->
<sql id="search">
    <choose>
        <!-- 검색옵션이 전체 검색일 경우 -->
        <when test="searchOption.equals('all')">
			AND c_facltNm like concat('%',#{keyword},'%')            
			 OR c_addr1 like concat('%',#{keyword},'%')
			 OR c_addr2 like concat('%',#{keyword},'%')
        </when>
        <!-- 전체 검색이 아닐 경우 -->
        <otherwise>
			AND ${searchOption} like concat('%',#{keyword},'%')
        </otherwise>
    </choose>
</sql>

<select id="totalCount" resultType="int">
	select count(*) from camping
	WHERE 1=1 <include refid="search" />
</select>

</mapper>