<?xml version="1.0" encoding="UTF-8"?>
<!DOCTYPE mapper
PUBLIC "-//mybatis.org//DTD mapper 3.0//EN"
"http://mybatis.org/dtd/mybatis-3-mapper.dtd">

<mapper namespace="festival">

<!-- 조회(상세조회) -->
<select id="f_view" resultType="com.example.project.vo.FestivalVO">
	select * from festival where f_code=#{f_code}
</select>

<select id="f_listAll" resultType="com.example.project.vo.FestivalVO">
	select f_code, f_name from festival
	WHERE 1=1 <include refid="f_search" />
	ORDER BY f_startDate desc
	LIMIT #{f_limitStart}, #{f_listCount}
</select>

<!-- 검색 조건 sql -->
<sql id="f_search">
    <choose>
        <!-- 검색옵션이 전체 검색일 경우 -->
        <when test="f_searchOption.equals('all')">
			AND f_name like concat('%',#{f_keyword},'%')            
			 OR f_addr like concat('%',#{f_keyword},'%')
			
        </when>
        <!-- 전체 검색이 아닐 경우 -->
        <otherwise>
			AND ${f_searchOption} like concat('%',#{f_keyword},'%')
        </otherwise>
    </choose>
</sql>

<select id="f_totalCount" resultType="int">
	select count(*) from festival
	WHERE 1=1 <include refid="f_search" />
</select>

</mapper>