<?xml version="1.0" encoding="UTF-8"?>
<!DOCTYPE mapper PUBLIC "-//mybatis.org//DTD Mapper 3.0//EN"
 "http://mybatis.org/dtd/mybatis-3-mapper.dtd">
<mapper namespace="member">
	<insert id="insertMember">
		insert into member(L_id, L_pw, L_name, L_email)
		values (#{L_id}, #{L_pw}, #{L_name}, #{L_email} )
	</insert>
	<!-- list 목록 -->
	<select id="memberList" resultType="com.example.project.vo.MemberVO">
		select * from member
	</select>
	<!--view-->
	<select id="viewMember" resultType="com.example.project.vo.MemberVO">
	select * from member where L_id=#{L_id}
	</select>
	<!-- 아이디 중복 -->
	<select id="idcheck" resultType="int">
	select count(*) from member
	where L_id = #{L_id}
	</select>
</mapper>
